,Fraction,Source File,Feature,Peptide,Scan,Tag length,ALC (%),Length,m/z,z,RT,Mass,ppm,local confidence (%),tag (>=0%),mode
46801,27,284-188-12ca5-Alq6-Repl1-Scout-1.raw,-,ELEPTDKYYFFEK(-.98),4061 4062,13,72,13,569.9544,3,27.45,1706.8191,13.1,83 85 93 87 82 74 56 29 25 35 93 99 100,ELEPTDKYYFFEK(-.98),HCD/ETHCD
46822,27,284-188-12ca5-Alq6-Repl1-Scout-1.raw,-,ELEPTDKYYFFEK(-.98),4062,13,72,13,569.9544,3,27.46,1706.8191,13.1,83 85 93 87 82 74 56 29 25 35 93 99 100,ELEPTDKYYFFEK(-.98),ETHCD
56773,27,284-188-12ca5-Alq6-Repl1-Scout-1.raw,20644,KASYYMWQHQSSK(-.98),4624,13,71,13,548.2576,3,30.79,1641.7722,-13.0,74 84 82 71 35 21 19 65 90 91 97 99 99,KASYYMWQHQSSK(-.98),ETHCD
56774,27,284-188-12ca5-Alq6-Repl1-Scout-1.raw,20644,KASYYWMQHQSSK(-.98),4624,13,71,13,548.2576,3,30.79,1641.7722,-13.0,74 84 82 70 35 16 26 65 90 91 97 99 99,KASYYWMQHQSSK(-.98),ETHCD
56775,27,284-188-12ca5-Alq6-Repl1-Scout-1.raw,20644,AKSYYMWQHQSSK(-.98),4624,13,70,13,548.2576,3,30.79,1641.7722,-13.0,71 81 82 70 34 21 19 64 90 90 97 99 99,AKSYYMWQHQSSK(-.98),ETHCD
73957,27,284-188-12ca5-Alq6-Repl1-Scout-1.raw,-,LFYWWYLMTTYNK(-.98),5478 5479,13,73,13,609.9603,3,36.11,1826.8855,-14.4,96 49 36 35 79 82 83 69 86 86 74 85 99,LFYWWYLMTTYNK(-.98),HCD/ETHCD
73978,27,284-188-12ca5-Alq6-Repl1-Scout-1.raw,-,LFYWWYLMTTYNK(-.98),5479,13,73,13,609.9603,3,36.11,1826.8855,-14.4,96 49 36 35 76 82 83 69 86 86 74 85 99,LFYWWYLMTTYNK(-.98),ETHCD
73979,27,284-188-12ca5-Alq6-Repl1-Scout-1.raw,-,LWFYWYLMTTYNK(-.98),5479,13,72,13,609.9603,3,36.11,1826.8855,-14.4,92 29 40 52 72 82 83 68 86 85 73 85 99,LWFYWYLMTTYNK(-.98),ETHCD
73980,27,284-188-12ca5-Alq6-Repl1-Scout-1.raw,-,LFWYWYLMTTYNK(-.98),5479,13,72,13,609.9603,3,36.11,1826.8855,-14.4,90 45 23 47 74 83 84 69 86 86 74 85 99,LFWYWYLMTTYNK(-.98),ETHCD
73981,27,284-188-12ca5-Alq6-Repl1-Scout-1.raw,-,LWFYWYLMTTNYK(-.98),5479,13,71,13,609.9603,3,36.11,1826.8855,-14.4,92 28 40 52 72 82 83 67 83 81 62 87 99,LWFYWYLMTTNYK(-.98),ETHCD
75610,27,284-188-12ca5-Alq6-Repl1-Scout-1.raw,-,LQTELTWGYKEDK(-.98),5563 5564,13,71,13,537.2853,3,36.64,1608.8147,12.0,95 89 91 92 89 81 59 63 37 23 37 79 98,LQTELTWGYKEDK(-.98),HCD/ETHCD
75631,27,284-188-12ca5-Alq6-Repl1-Scout-1.raw,-,LQTELTWGYKEDK(-.98),5564,13,71,13,537.2853,3,36.65,1608.8147,12.0,95 89 91 92 89 81 59 63 37 23 37 79 94,LQTELTWGYKEDK(-.98),ETHCD
186872,27,284-188-12ca5-Alq6-Repl1-Scout-1.raw,-,LESTYLFYRYDWK(-.98),11001,13,80,13,594.9729,3,69.95,1781.8777,10.8,85 75 72 70 72 86 89 92 84 72 76 80 99,LESTYLFYRYDWK(-.98),ETHCD
186873,27,284-188-12ca5-Alq6-Repl1-Scout-1.raw,-,ELSTYLFYRYDWK(-.98),11001,13,78,13,594.9729,3,69.95,1781.8777,10.8,65 61 72 74 73 86 89 92 84 72 76 80 99,ELSTYLFYRYDWK(-.98),ETHCD
